"","IDs"
"1","10027"
"2","10053"
"3","10510"
"4","10816"
"5","11027"
"6","11058"
"7","11133"
"8","11646"
"9","11672"
"10","11754"
"11","12152"
"12","12289"
"13","12573"
"14","12693"
"15","13274"
"16","13280"
"17","13465"
"18","13699"
"19","13901"
"20","14164"
"21","14633"
"22","14661"
"23","14913"
"24","15217"
"25","15352"
"26","15473"
"27","15696"
"28","15795"
"29","16053"
"30","16138"
"31","16232"
"32","16405"
"33","16599"
"34","16642"
"35","16710"
"36","16764"
"37","16857"
"38","17337"
"39","17345"
"40","17353"
"41","17936"
"42","18365"
"43","18420"
"44","18540"
"45","18725"
"46","18738"
"47","19071"
"48","19336"
"49","19554"
"50","20507"
"51","20946"
"52","21043"
"53","21107"
"54","21134"
"55","21181"
"56","21196"
"57","21432"
"58","21439"
"59","21880"
"60","22184"
"61","22187"
"62","22291"
"63","22640"
"64","23076"
"65","23105"
"66","23121"
"67","23410"
"68","23640"
"69","23664"
"70","23835"
"71","23938"
"72","24700"
"73","25251"
"74","25314"
"75","26136"
"76","26187"
"77","26248"
"78","26443"
"79","26569"
"80","27152"
"81","27232"
"82","27240"
"83","27603"
"84","27891"
"85","27905"
"86","27999"
"87","28253"
"88","28412"
"89","28596"
"90","28723"
"91","28735"
"92","28848"
"93","29082"
"94","29404"
"95","29729"
"96","29847"
"97","29943"
"98","30743"
"99","30764"
"100","30779"
"101","31192"
"102","31906"
"103","32501"
"104","33430"
"105","33622"
"106","33987"
"107","34117"
"108","34307"
"109","34481"
"110","34847"
"111","34902"
"112","34996"
"113","35046"
"114","35381"
"115","35817"
"116","35934"
"117","36086"
"118","36244"
"119","36331"
"120","36498"
"121","37212"
"122","37431"
"123","37488"
"124","37689"
"125","38159"
"126","38303"
"127","38410"
"128","39229"
"129","39311"
"130","39319"
"131","39425"
"132","39512"
"133","39538"
"134","40372"
"135","40428"
"136","40480"
"137","41093"
"138","41271"
"139","41354"
"140","41430"
"141","41504"
"142","41857"
"143","41887"
"144","42002"
"145","42082"
"146","42100"
"147","42106"
"148","42191"
"149","42256"
"150","42488"
"151","42928"
"152","43154"
"153","43349"
"154","43436"
"155","43554"
"156","43657"
"157","43660"
"158","43684"
"159","43694"
"160","43789"
"161","43831"
"162","44014"
"163","44017"
"164","44182"
"165","44532"
"166","44654"
"167","44846"
"168","44885"
"169","44978"
"170","45237"
"171","45965"
"172","46299"
"173","46351"
"174","46472"
"175","46688"
"176","46914"
"177","47072"
"178","47255"
"179","47470"
"180","47732"
"181","47843"
"182","47900"
"183","48026"
"184","48180"
"185","48411"
"186","48621"
"187","48812"
"188","48938"
"189","49152"
"190","49406"
"191","49699"
"192","49754"
"193","49864"
"194","50061"
"195","51640"
"196","52016"
"197","52929"
"198","53036"
"199","53418"
"200","53462"
"201","53465"
"202","53714"
"203","53753"
"204","54146"
"205","54155"
"206","54181"
"207","54378"
"208","54459"
"209","54511"
"210","54663"
"211","54775"
"212","54870"
"213","54962"
"214","55053"
"215","55335"
"216","55682"
"217","55748"
"218","55891"
"219","55990"
"220","56172"
"221","56234"
"222","56287"
"223","56409"
"224","56897"
"225","57102"
"226","57285"
"227","57303"
"228","57322"
"229","57403"
"230","57471"
"231","57684"
"232","57724"
"233","57769"
"234","57799"
"235","57840"
"236","57894"
"237","58242"
"238","58425"
"239","58481"
"240","58545"
"241","58571"
"242","59104"
"243","59147"
"244","59284"
"245","59496"
"246","59635"
"247","59704"
"248","59711"
"249","59761"
"250","59924"
"251","60366"
"252","60507"
"253","60685"
"254","60848"
"255","61140"
"256","61196"
"257","61199"
"258","61325"
"259","61329"
"260","61388"
"261","61493"
"262","61515"
"263","61719"
"264","61792"
"265","61857"
"266","62037"
"267","62201"
"268","62415"
"269","62521"
"270","62552"
"271","63477"
"272","63630"
"273","63983"
"274","64020"
"275","64104"
"276","64613"
"277","64622"
"278","65009"
"279","65234"
"280","65275"
"281","65301"
"282","65515"
"283","65544"
"284","66407"
"285","66550"
"286","66594"
"287","66612"
"288","66655"
"289","66731"
"290","66762"
"291","66850"
"292","67132"
"293","67228"
"294","67284"
"295","67402"
"296","67403"
"297","67514"
"298","68323"
"299","68378"
"300","68576"
"301","68740"
"302","68887"
"303","68914"
"304","68920"
"305","69174"
"306","69338"
"307","69402"
"308","69542"
"309","69577"
"310","69655"
"311","69996"
"312","70512"
"313","70549"
"314","70818"
"315","70855"
"316","70901"
"317","70941"
"318","71528"
"319","71896"
"320","71948"
"321","72199"
"322","72253"
"323","72605"
"324","73160"
"325","73511"
"326","73581"
"327","73797"
"328","73967"
"329","74037"
"330","74222"
"331","74339"
"332","74351"
"333","74407"
"334","74421"
"335","74435"
"336","74737"
"337","74963"
"338","75119"
"339","75774"
"340","75776"
"341","75823"
"342","75871"
"343","75995"
"344","76154"
"345","76170"
"346","76244"
"347","76642"
"348","76763"
"349","77190"
"350","77466"
"351","77525"
"352","77755"
"353","78062"
"354","78149"
"355","78167"
"356","78304"
"357","78348"
"358","78773"
"359","79147"
"360","79227"
"361","79628"
"362","79634"
"363","79801"
"364","80445"
"365","80537"
"366","80538"
"367","80707"
"368","80964"
"369","80991"
"370","81466"
"371","81800"
"372","82352"
"373","82455"
"374","82533"
"375","82772"
"376","82819"
"377","82834"
"378","82869"
"379","82940"
"380","82976"
"381","83000"
"382","83022"
"383","83276"
"384","83619"
"385","83909"
"386","84170"
"387","84388"
"388","85115"
"389","85228"
"390","85229"
"391","85250"
"392","85550"
"393","85591"
"394","85595"
"395","85828"
"396","86269"
"397","86497"
"398","86577"
"399","86718"
"400","86758"
"401","86878"
"402","87018"
"403","87138"
"404","87395"
"405","87407"
"406","87501"
"407","88044"
"408","88196"
"409","88428"
"410","88857"
"411","89041"
"412","89156"
"413","89454"
"414","89536"
"415","89834"
"416","90056"
"417","90119"
"418","90531"
"419","90853"
"420","91083"
"421","91091"
"422","91119"
"423","91443"
"424","91509"
"425","91756"
"426","92047"
"427","92496"
"428","92510"
"429","92630"
"430","92814"
"431","93121"
"432","93215"
"433","93271"
"434","93486"
"435","93499"
"436","93712"
"437","93762"
"438","94098"
"439","94229"
"440","94766"
"441","95244"
"442","95892"
"443","96250"
"444","96556"
"445","96565"
"446","96589"
"447","96672"
"448","96931"
"449","96955"
"450","97122"
"451","97251"
"452","97255"
"453","97473"
"454","97589"
"455","97770"
"456","98181"
"457","98387"
"458","98415"
"459","98470"
"460","99453"
"461","99563"
"462","99697"
"463","99731"
"464","99982"
"465","83011"
